{"mean meta-episode return": 6.2079644203186035, "num iterations": 112, "_timestamp": 1715613490.0863276, "_runtime": 48.23628044128418, "_step": 112}