{"mean meta-episode return": 7.394683837890625, "num iterations": 996, "_timestamp": 1715613833.620496, "_runtime": 391.77044892311096, "_step": 996, "_wandb": {"runtime": 391}}